,Season,Tm,Pos,G,MP,PER,TS%,3PAr,FTr,ORB%,DRB%,TRB%,AST%,STL%,BLK%,TOV%,USG%,OWS,DWS,WS,WS/48,OBPM,DBPM,BPM,VORP
0,2008,LAL,SG,82,3192,24.2,0.5760000000000001,0.24600000000000002,0.439,3.4,14.1,9.0,23.9,2.4,0.9,11.3,31.4,9.5,4.3,13.8,0.20800000000000002,5.1,0.3,5.4,6.0
